<Ui xmlns="http://www.blizzard.com/wow/ui/" xmlns:xsi="http://www.w3.org/2001/XMLSchema-instance" xsi:schemaLocation="http://www.blizzard.com/wow/ui/..\FrameXML\UI.xsd">
	<Frame name="WorldQuestTrackerTaxiPinTemplate" mixin="WorldQuestTrackerPinMixin" virtual="true"></Frame>
	<Frame name="WorldQuestTrackerPinTemplate" mixin="WorldQuestTrackerPinMixin" virtual="true"></Frame>
	<Frame name="WorldQuestTrackerRarePinTemplate" mixin="WorldQuestTrackerPinMixin" virtual="true"></Frame>
	<Frame name="WorldQuestTrackerWorldMapPinTemplate" mixin="WorldQuestTrackerPinMixin" virtual="true"></Frame>
</Ui>
