﻿<Ui xmlns="http://www.blizzard.com/wow/ui/" xmlns:xsi="http://www.w3.org/2001/XMLSchema-instance" xsi:schemaLocation="http://www.blizzard.com/wow/ui/ http://wowprogramming.com/FrameXML/UI.xsd">

  <Button name="qcQuestMenuTemplate" virtual="true">
    <Size x="266" y="16"/>
    <Layers>
      <Layer level="ARTWORK">
        <Texture name="$parentQuestIcon" parentKey="QuestIcon" file="Interface\Addons\QuestCompletist\Images\QCIcons" hidden="true">
          <Size x="16" y="16"/>
          <Anchors>
            <Anchor point="TOPLEFT" x="2" y="0"/>
          </Anchors>
          <TexCoords left="0" right="0.125" top="0" bottom="0.25"/>
        </Texture>
        <Texture name="$parentFactionIcon" parentKey="FactionIcon" file="Interface\MINIMAP\ObjectIcons" hidden="true">
          <Size x="16" y="16"/>
          <Anchors>
            <Anchor point="TOPLEFT" x="248" y="0"/>
          </Anchors>
        </Texture>
        <FontString name="$parentQuestName" parentKey="QuestName" inherits="GameFontHighlightSmall" justifyH="LEFT">
          <Size x="226" y="16"/>
          <Anchors>
            <Anchor point="TOPLEFT" x="20" y="0"/>
          </Anchors>
        </FontString>
      </Layer>
    </Layers>
    <HighlightTexture alphaMode="ADD" file="Interface\BUTTONS\UI-Listbox-Highlight"/>
  </Button>

  <Button name="qcMenuButtonTemplate" virtual="true">
    <Size x ="266" y ="16"/>
    <Layers>
      <Layer level ="BORDER">
        <Texture name="$parent_AvailableIcon" parentKey="AvailableIcon" file="Interface\Addons\QuestCompletist\Images\AvailableQuestIcon" hidden="true">
          <Size x ="16" y ="16"/>
          <Anchors>
            <Anchor point="TOPLEFT" x ="2" y ="0"/>
          </Anchors>
        </Texture>
        <Texture name="$parent_DailyIcon" parentKey="DailyIcon" file="Interface\Addons\QuestCompletist\Images\DailyQuestIcon" hidden="true">
          <Size x ="16" y ="16"/>
          <Anchors>
            <Anchor point="TOPLEFT" x ="2" y ="0"/>
          </Anchors>
        </Texture>
        <Texture name="$parent_RepeatableIcon" parentKey="RepeatableIcon" file="Interface\Addons\QuestCompletist\Images\DailyActiveQuestIcon" hidden="true">
          <Size x ="16" y ="16"/>
          <Anchors>
            <Anchor point="TOPLEFT" x ="2" y ="0"/>
          </Anchors>
        </Texture>
        <Texture name="$parent_SpecialIcon" parentKey="SpecialIcon" file="Interface\Addons\QuestCompletist\Images\SpecialQuestIcon" hidden="true">
          <Size x ="16" y ="16"/>
          <Anchors>
            <Anchor point="TOPLEFT" x ="2" y ="0"/>
          </Anchors>
        </Texture>
        <Texture name="$parent_CompleteIcon" parentKey="CompleteIcon" file="Interface\Addons\QuestCompletist\Images\QuestCompleteIcon" hidden="true">
          <Size x ="16" y ="16"/>
          <Anchors>
            <Anchor point="TOPLEFT" x ="2" y ="0"/>
          </Anchors>
        </Texture>
        <Texture name="$parent_IncompleteIcon" parentKey="IncompleteIcon" file="Interface\Addons\QuestCompletist\Images\IncompleteQuestIcon" hidden="true">
          <Size x ="16" y ="16"/>
          <Anchors>
            <Anchor point="TOPLEFT" x ="2" y ="0"/>
          </Anchors>
        </Texture>
        <Texture name="$parent_ActiveIcon" parentKey="ActiveIcon" file="Interface\Addons\QuestCompletist\Images\ActiveQuestIcon" hidden="true">
          <Size x ="16" y ="16"/>
          <Anchors>
            <Anchor point="TOPLEFT" x ="2" y ="0"/>
          </Anchors>
        </Texture>
        <Texture name="$parent_UnattainableIcon" parentKey="UnattainableIcon" file="Interface\Addons\QuestCompletist\Images\UnattainableIcon" hidden="true">
          <Size x ="16" y ="16"/>
          <Anchors>
            <Anchor point="TOPLEFT" x ="2" y ="0"/>
          </Anchors>
        </Texture>
        <Texture name="$parent_AllianceIcon" parentKey="AllianceIcon" file="Interface\Addons\QuestCompletist\Images\AllianceIcon"  hidden="true">
          <Size x ="16" y ="16"/>
          <Anchors>
            <Anchor point="TOPLEFT" x ="248" y ="0"/>
          </Anchors>
        </Texture>
        <Texture name="$parent_HordeIcon" parentKey="HordeIcon" file="Interface\Addons\QuestCompletist\Images\HordeIcon" hidden="true">
          <Size x ="16" y ="16"/>
          <Anchors>
            <Anchor point="TOPLEFT" x ="248" y ="0"/>
          </Anchors>
        </Texture>
        <FontString name="$parent_QuestName" parentKey="QuestName" inherits="GameFontHighlightSmall" justifyH="LEFT">
          <Size x ="226" y ="16"/>
          <Anchors>
            <Anchor point="TOPLEFT" x ="20" y ="0"/>
          </Anchors>
        </FontString>
        <FontString name="$parent_QuestTag" parentKey="QuestTag" inherits="GameFontHighlightSmall" justifyH="LEFT" hidden="true">
          <Size x ="45" y ="16"/>
          <Anchors>
            <Anchor point="TOPLEFT" x ="325" y ="0"/>
          </Anchors>
        </FontString>
        <FontString name="$parent_QuestProviderID" parentKey="QuestProviderID" inherits="GameFontHighlightSmall" justifyH="LEFT" hidden="true">
          <Size x ="45" y ="16"/>
          <Anchors>
            <Anchor point="TOPLEFT" relativePoint="TOPRIGHT" relativeTo="$parent_QuestTag"/>
          </Anchors>
        </FontString>
        <FontString name="$parent_QuestProviderName" parentKey="QuestProviderName" inherits="GameFontHighlightSmall" justifyH="LEFT" hidden="true">
          <Size x ="50" y ="16"/>
          <Anchors>
            <Anchor point="TOPLEFT" relativePoint="TOPRIGHT" relativeTo="$parent_QuestProviderID"/>
          </Anchors>
        </FontString>
        <FontString name="$parent_QuestProviderZone" parentKey="QuestProviderZone" inherits="GameFontHighlightSmall" justifyH="LEFT" hidden="true">
          <Size x ="50" y ="16"/>
          <Anchors>
            <Anchor point="TOPLEFT" relativePoint="TOPRIGHT" relativeTo="$parent_QuestProviderName"/>
          </Anchors>
        </FontString>
        <FontString name="$parent_QuestProviderX" parentKey="QuestProviderX" inherits="GameFontHighlightSmall" justifyH="LEFT" hidden="true">
          <Size x ="30" y ="16"/>
          <Anchors>
            <Anchor point="TOPLEFT" relativePoint="TOPRIGHT" relativeTo="$parent_QuestProviderZone"/>
          </Anchors>
        </FontString>
        <FontString name="$parent_QuestProviderY" parentKey="QuestProviderY" inherits="GameFontHighlightSmall" justifyH="LEFT" hidden="true">
          <Size x ="30" y ="16"/>
          <Anchors>
            <Anchor point="TOPLEFT" relativePoint="TOPRIGHT" relativeTo="$parent_QuestProviderX"/>
          </Anchors>
        </FontString>
        <FontString name="$parent_QuestProviderComments" parentKey="QuestProviderComments" inherits="GameFontHighlightSmall" justifyH="LEFT" hidden="true">
          <Size x ="30" y ="16"/>
          <Anchors>
            <Anchor point="TOPLEFT" relativePoint="TOPRIGHT" relativeTo="$parent_QuestProviderY"/>
          </Anchors>
        </FontString>
      </Layer>
    </Layers>
    <HighlightTexture alphaMode="ADD" file="Interface\BUTTONS\UI-Listbox-Highlight"/>
  </Button>

  <Frame name="qcInterfaceOptions">
    <Scripts>
      <OnLoad>
        qcInterfaceOptions_OnLoad(self)
      </OnLoad>
      <OnShow>
        qcInterfaceOptions_OnShow(self)
      </OnShow>
    </Scripts>
  </Frame>

  <Frame name="qcToast" toplevel="true" parent="QuestFrame" enableMouse="true" movable="false" hidden="true" frameStrata="MEDIUM">
    <Size x="256" y="64"/>
    <Anchors>
      <Anchor point="TOP" relativePoint="BOTTOM" relativeTo="QuestFrame" x="0" y="-40"/>
    </Anchors>
    <Layers>
      <Layer level="BACKGROUND">
        <Texture name="$parentBackground" file="Interface/UnitPowerBarAlt/Generic1Player_Horizontal_Bgnd">
          <Size x="256" y="64"/>
          <Anchors>
            <Anchor point="TOPLEFT" relativePoint="TOPLEFT"/>
          </Anchors>
        </Texture>
      </Layer>
      <Layer level="BORDER">
        <Texture name="$parentBorder" file ="Interface/UnitPowerBarAlt/WoodwithMetal_Horizontal_Frame">
          <Size x="256" y="64"/>
          <Anchors>
            <Anchor point="TOPLEFT" relativePoint="TOPLEFT"/>
          </Anchors>
        </Texture>
      </Layer>
      <Layer level="ARTWORK">
        <Texture name="$parentLogo" file="Interface/TUTORIALFRAME/UI-TutorialFrame-QuestGiver">
          <Size x="96" y="96"/>
          <Anchors>
            <Anchor point="TOPLEFT" relativePoint="TOPLEFT" x="-15" y="30"/>
          </Anchors>
        </Texture>
      </Layer>
      <Layer level="OVERLAY">
        <FontString name="$parentText" parentKey="qcToastText" text="Quest Completist" inherits="GameFontNormal" wordwrap="false">
          <Size x="256" y="64"/>
          <Anchors>
            <Anchor point="CENTER" relativePoint="CENTER"/>
          </Anchors>
        </FontString>
      </Layer>
    </Layers>
    <Scripts>
      <OnEnter>
        qcToast_OnEnter(self)
      </OnEnter>
      <OnLeave>
        qcToast_OnLeave(self)
      </OnLeave>
    </Scripts>
  </Frame>

  

  <Frame name="qcNewDataAlert" toplevel="true" parent="QuestFrame" enableMouse="true" movable="false" hidden="true" frameStrata="High"> --Changed from Medium to make the dialog box show
    <Size x="250" y="16"/>
    <Anchors>
      <Anchor point="TOP" relativePoint="TOP" relativeTo="QuestFrame" x="15" y="-35"/> -- x moves text right
    </Anchors>
    <Layers>
      <Layer level="ARTWORK">
        <Texture name="$parentIcon" parentKey="qcNewDataAlertIcon" file="Interface\Addons\QuestCompletist\Images\AvailableQuestIcon">
          <Size x="16" y="16"/>
          <Anchors>
            <Anchor point="LEFT"/>
          </Anchors>
        </Texture>
      </Layer>
      <Layer level="OVERLAY">
        <FontString name="$parentText" parentKey="qcNewDataAlertText" text="Updated Data Found - Please Contribute!" inherits="GameFontHighlightSmall" wordwrap="false" justifyH="LEFT">
          <Size x="230" y="16"/>
          <Anchors>
            <Anchor point="LEFT" relativePoint="RIGHT" relativeTo="$parentIcon"/>
          </Anchors>
        </FontString>
      </Layer>
    </Layers>
    <Scripts>
      <OnEnter>
        qcNewDataAlert_OnEnter(self)
      </OnEnter>
      <OnLeave>
        qcNewDataAlert_OnLeave(self)
      </OnLeave>
    </Scripts>
  </Frame>

  <Frame name="qcMutuallyExclusiveAlert" parent="QuestFrame" enableMouse="true" hidden="false">
    <Size x="30" y="18"/>
    <Anchors>
      <Anchor point="RIGHT" relativePoint="RIGHT" relativeTo="QuestFrameCloseButton" x="-30" y="0"/>
    </Anchors>
    <Layers>
      <Layer level ="ARTWORK">
        <Texture name="$parentBubbleIcon" parentKey="qcMutuallyExclusiveBubbleIcon" file="Interface\GossipFrame\PetitionGossipIcon">
          <Size x="18" y="18"/>
          <Anchors>
            <Anchor point="LEFT"/>
          </Anchors>
        </Texture>
        <Texture name="$parentQuestIcon" parentKey="qcMutuallyExclusiveQuestIcon" file="Interface\GossipFrame\AvailableQuestIcon">
          <Size x="18" y="18"/>
          <Anchors>
            <Anchor point="RIGHT"/>
          </Anchors>
        </Texture>
      </Layer>
    </Layers>
    <Scripts>
      <OnEnter>
        qcMutuallyExclusiveAlert_OnEnter(self)
      </OnEnter>
      <OnLeave>
        qcMutuallyExclusiveAlert_OnLeave(self)
      </OnLeave>
    </Scripts>
  </Frame>

  <Frame name="qcQuestCompletistUI" toplevel="true" parent="UIParent" enableMouse="true" movable="true">
    <Size x ="384" y ="512"/>
    <Anchors>
      <Anchor point="CENTER" relativePoint="CENTER" relativeTo="UIParent"/>
    </Anchors>
    <Layers>
      <Layer level="BACKGROUND">
        <Texture name="$parent_qcPortrait" parentKey="qcPortrait" file="Interface\ICONS\TRADE_ARCHAEOLOGY_DRAENEI_TOME">
          <Size x ="64" y ="64"/>
          <Anchors>
            <Anchor point="TOPLEFT" x ="7" y ="-4"/>
          </Anchors>
        </Texture>
      </Layer>
      <Layer level="OVERLAY">
        <FontString name="$parent_qcTitleText" parentKey="qcTitleText" inherits="GameFontNormal" text="Quest Completist v#.##">
          <Anchors>
            <Anchor point="TOP" x ="0" y ="-19"/>
          </Anchors>
        </FontString>
        <FontString name="$parent_qcSelectedCategory" parentKey="qcSelectedCategory" inherits="GameFontNormalSmall" justifyH="RIGHT" text="">
          <Size x ="150" y ="16"/>
          <Anchors>
            <Anchor point="TOPLEFT" x ="72" y ="-48"/>
          </Anchors>
        </FontString>
        <FontString name="$parentCurrentCategoryQuestCount" parentKey="qcCurrentCategoryQuestCount" inherits="GameFontNormalSmall" justifyH="RIGHT" text="### Quests Found">
          <Size x ="145" y ="16"/>
          <Anchors>
            <Anchor point="TOPLEFT" x ="190" y ="-416"/>
          </Anchors>
        </FontString>
      </Layer>
      <Layer level="BORDER">
        <Texture file="Interface\Addons\QuestCompletist\Images\TopLeft">
          <Size x ="256" y ="512"/>
          <Anchors>
            <Anchor point="TOPLEFT"/>
          </Anchors>
        </Texture>
        <Texture file="Interface\Addons\QuestCompletist\Images\TopRight">
          <Size x ="128" y ="512"/>
          <Anchors>
            <Anchor point="TOPRIGHT"/>
          </Anchors>
        </Texture>
      </Layer>
    </Layers>
    <Frames>
      <Button name="qcXButton" inherits="UIPanelCloseButton">
        <Anchors>
          <Anchor point="TOPLEFT" relativePoint="TOPLEFT" relativeTo="$parent" x ="323" y ="-9"/>
        </Anchors>
      </Button>
      <Button name="qcMenuButton1" inherits="qcQuestMenuTemplate" id ="1">
        <Anchors>
          <Anchor point="TOPLEFT" x ="35" y ="-90"/>
        </Anchors>
        <Scripts>
          <OnEnter>
            qcUpdateTooltip(1)
          </OnEnter>
          <OnLeave>
            qcCloseTooltip()
          </OnLeave>
          <OnClick>
            qcQuestClick(1)
          </OnClick>
        </Scripts>
      </Button>
      <Button name="qcMenuButton2" inherits="qcQuestMenuTemplate" id ="2">
        <Anchors>
          <Anchor point="TOPLEFT" relativePoint="BOTTOMLEFT" relativeTo="qcMenuButton1"/>
        </Anchors>
        <Scripts>
          <OnEnter>
            qcUpdateTooltip(2)
          </OnEnter>
          <OnLeave>
            qcCloseTooltip()
          </OnLeave>
          <OnClick>
            qcQuestClick(2)
          </OnClick>
        </Scripts>
      </Button>
      <Button name="qcMenuButton3" inherits="qcQuestMenuTemplate" id ="3">
        <Anchors>
          <Anchor point="TOPLEFT" relativePoint="BOTTOMLEFT" relativeTo="qcMenuButton2"/>
        </Anchors>
        <Scripts>
          <OnEnter>
            qcUpdateTooltip(3)
          </OnEnter>
          <OnLeave>
            qcCloseTooltip()
          </OnLeave>
          <OnClick>
            qcQuestClick(3)
          </OnClick>
        </Scripts>
      </Button>
      <Button name="qcMenuButton4" inherits="qcQuestMenuTemplate" id ="4">
        <Anchors>
          <Anchor point="TOPLEFT" relativePoint="BOTTOMLEFT" relativeTo="qcMenuButton3"/>
        </Anchors>
        <Scripts>
          <OnEnter>
            qcUpdateTooltip(4)
          </OnEnter>
          <OnLeave>
            qcCloseTooltip()
          </OnLeave>
          <OnClick>
            qcQuestClick(4)
          </OnClick>
        </Scripts>
      </Button>
      <Button name="qcMenuButton5" inherits="qcQuestMenuTemplate" id ="5">
        <Anchors>
          <Anchor point="TOPLEFT" relativePoint="BOTTOMLEFT" relativeTo="qcMenuButton4"/>
        </Anchors>
        <Scripts>
          <OnEnter>
            qcUpdateTooltip(5)
          </OnEnter>
          <OnLeave>
            qcCloseTooltip()
          </OnLeave>
          <OnClick>
            qcQuestClick(5)
          </OnClick>
        </Scripts>
      </Button>
      <Button name="qcMenuButton6" inherits="qcQuestMenuTemplate" id ="6">
        <Anchors>
          <Anchor point="TOPLEFT" relativePoint="BOTTOMLEFT" relativeTo="qcMenuButton5"/>
        </Anchors>
        <Scripts>
          <OnEnter>
            qcUpdateTooltip(6)
          </OnEnter>
          <OnLeave>
            qcCloseTooltip()
          </OnLeave>
          <OnClick>
            qcQuestClick(6)
          </OnClick>
        </Scripts>
      </Button>
      <Button name="qcMenuButton7" inherits="qcQuestMenuTemplate" id ="7">
        <Anchors>
          <Anchor point="TOPLEFT" relativePoint="BOTTOMLEFT" relativeTo="qcMenuButton6"/>
        </Anchors>
        <Scripts>
          <OnEnter>
            qcUpdateTooltip(7)
          </OnEnter>
          <OnLeave>
            qcCloseTooltip()
          </OnLeave>
          <OnClick>
            qcQuestClick(7)
          </OnClick>
        </Scripts>
      </Button>
      <Button name="qcMenuButton8" inherits="qcQuestMenuTemplate" id ="8">
        <Anchors>
          <Anchor point="TOPLEFT" relativePoint="BOTTOMLEFT" relativeTo="qcMenuButton7"/>
        </Anchors>
        <Scripts>
          <OnEnter>
            qcUpdateTooltip(8)
          </OnEnter>
          <OnLeave>
            qcCloseTooltip()
          </OnLeave>
          <OnClick>
            qcQuestClick(8)
          </OnClick>
        </Scripts>
      </Button>
      <Button name="qcMenuButton9" inherits="qcQuestMenuTemplate" id ="9">
        <Anchors>
          <Anchor point="TOPLEFT" relativePoint="BOTTOMLEFT" relativeTo="qcMenuButton8"/>
        </Anchors>
        <Scripts>
          <OnEnter>
            qcUpdateTooltip(9)
          </OnEnter>
          <OnLeave>
            qcCloseTooltip()
          </OnLeave>
          <OnClick>
            qcQuestClick(9)
          </OnClick>
        </Scripts>
      </Button>
      <Button name="qcMenuButton10" inherits="qcQuestMenuTemplate" id ="10">
        <Anchors>
          <Anchor point="TOPLEFT" relativePoint="BOTTOMLEFT" relativeTo="qcMenuButton9"/>
        </Anchors>
        <Scripts>
          <OnEnter>
            qcUpdateTooltip(10)
          </OnEnter>
          <OnLeave>
            qcCloseTooltip()
          </OnLeave>
          <OnClick>
            qcQuestClick(10)
          </OnClick>
        </Scripts>
      </Button>
      <Button name="qcMenuButton11" inherits="qcQuestMenuTemplate" id ="11">
        <Anchors>
          <Anchor point="TOPLEFT" relativePoint="BOTTOMLEFT" relativeTo="qcMenuButton10"/>
        </Anchors>
        <Scripts>
          <OnEnter>
            qcUpdateTooltip(11)
          </OnEnter>
          <OnLeave>
            qcCloseTooltip()
          </OnLeave>
          <OnClick>
            qcQuestClick(11)
          </OnClick>
        </Scripts>
      </Button>
      <Button name="qcMenuButton12" inherits="qcQuestMenuTemplate" id ="12">
        <Anchors>
          <Anchor point="TOPLEFT" relativePoint="BOTTOMLEFT" relativeTo="qcMenuButton11"/>
        </Anchors>
        <Scripts>
          <OnEnter>
            qcUpdateTooltip(12)
          </OnEnter>
          <OnLeave>
            qcCloseTooltip()
          </OnLeave>
          <OnClick>
            qcQuestClick(12)
          </OnClick>
        </Scripts>
      </Button>
      <Button name="qcMenuButton13" inherits="qcQuestMenuTemplate" id ="13">
        <Anchors>
          <Anchor point="TOPLEFT" relativePoint="BOTTOMLEFT" relativeTo="qcMenuButton12"/>
        </Anchors>
        <Scripts>
          <OnEnter>
            qcUpdateTooltip(13)
          </OnEnter>
          <OnLeave>
            qcCloseTooltip()
          </OnLeave>
          <OnClick>
            qcQuestClick(13)
          </OnClick>
        </Scripts>
      </Button>
      <Button name="qcMenuButton14" inherits="qcQuestMenuTemplate" id ="14">
        <Anchors>
          <Anchor point="TOPLEFT" relativePoint="BOTTOMLEFT" relativeTo="qcMenuButton13"/>
        </Anchors>
        <Scripts>
          <OnEnter>
            qcUpdateTooltip(14)
          </OnEnter>
          <OnLeave>
            qcCloseTooltip()
          </OnLeave>
          <OnClick>
            qcQuestClick(14)
          </OnClick>
        </Scripts>
      </Button>
      <Button name="qcMenuButton15" inherits="qcQuestMenuTemplate" id ="15">
        <Anchors>
          <Anchor point="TOPLEFT" relativePoint="BOTTOMLEFT" relativeTo="qcMenuButton14"/>
        </Anchors>
        <Scripts>
          <OnEnter>
            qcUpdateTooltip(15)
          </OnEnter>
          <OnLeave>
            qcCloseTooltip()
          </OnLeave>
          <OnClick>
            qcQuestClick(15)
          </OnClick>
        </Scripts>
      </Button>
      <Button name="qcMenuButton16" inherits="qcQuestMenuTemplate" id ="16">
        <Anchors>
          <Anchor point="TOPLEFT" relativePoint="BOTTOMLEFT" relativeTo="qcMenuButton15"/>
        </Anchors>
        <Scripts>
          <OnEnter>
            qcUpdateTooltip(16)
          </OnEnter>
          <OnLeave>
            qcCloseTooltip()
          </OnLeave>
          <OnClick>
            qcQuestClick(16)
          </OnClick>
        </Scripts>
      </Button>
      <Button name="qcCategoryDropdownButton" parentKey="qcCategoryDropdownButton" text="Categories" inherits="UIPanelButtonTemplate">
        <Size x ="110" y ="20"/>
        <Anchors>
          <Anchor point="TOPLEFT" relativePoint="TOPLEFT" relativeTo="$parent" x ="225" y ="-46"/>
        </Anchors>
        <Scripts>
          <OnClick>
            qcCategoryDropdownButton_OnClick(self, button, down)
          </OnClick>
        </Scripts>
      </Button>
      <Button name="qcOptionsButton" parentKey="qcOptionsButton" text="Filters" inherits="UIPanelButtonTemplate">
        <Size x ="65" y ="20"/>
        <Anchors>
          <Anchor point="TOPLEFT" relativePoint="TOPLEFT" relativeTo="$parent" x ="265" y ="-365"/>
        </Anchors>
        <Scripts>
          <OnClick>qcFilterButton_OnClick(self, button, down)</OnClick>
        </Scripts>
      </Button>
      <Frame name="qcCategoryDropdownMenu" inherits="UIDropDownMenuTemplate" frameStrata="FULLSCREEN_DIALOG">
        <Scripts>
          <OnLoad>
            qcCategoryDropdown_OnLoad(self)
          </OnLoad>
        </Scripts>
      </Frame>
      <EditBox name="qcSearchBox" inherits="SearchBoxTemplate" parentKey="qcSearchBox" letters="40">
        <Size x ="160" y ="22"/>
        <Anchors>
          <Anchor point="TOPLEFT" relativePoint="TOPLEFT" relativeTo="$parent" x ="35" y ="-363"/>
        </Anchors>
        <Scripts>
          <OnTextChanged>
            qcSearchBox_OnTextChanged(self, userInput)
          </OnTextChanged>
          <OnEditFocusLost>
            qcSearchBox_OnEditFocusLost(self)
          </OnEditFocusLost>
        </Scripts>
      </EditBox>
      <Slider name="qcMenuSlider" orientation="VERTICAL">
        <Size x ="30" y ="236"/>
        <Anchors>
          <Anchor point="TOPLEFT" relativePoint="TOPLEFT" relativeTo="$parent" x ="303" y ="-100"/>
        </Anchors>
        <Scripts>
          <OnLoad>
            self:SetMinMaxValues(1,1)
            self:SetValueStep(1.0)
            self:SetValue(1)
          </OnLoad>
          <OnValueChanged>
            qcScrollUpdate(value)
          </OnValueChanged>
        </Scripts>
        <ThumbTexture name="$parent_ThumbTexture" file="Interface\Buttons\UI-ScrollBar-Knob">
          <Size x ="32" y ="32"/>
        </ThumbTexture>
      </Slider>
    </Frames>
    <Scripts>
      <OnLoad>
        tinsert(UISpecialFrames, "qcQuestCompletistUI")
        qcQuestCompletistUI_OnLoad(self)
      </OnLoad>
      <OnShow>
		qcQuestCompletistUI_OnShow(self)
        PlaySound("839")
      </OnShow>
      <OnHide>
        PlaySound("840")
      </OnHide>
      <OnDragStart>self:StartMoving()</OnDragStart>
      <OnDragStop>self:StopMovingOrSizing()</OnDragStop>
      <OnMouseWheel>qcMenuMouseWheel(self, delta)</OnMouseWheel>
    </Scripts>
  </Frame>

  </Ui>