<Ui xmlns="http://www.blizzard.com/wow/ui/" xmlns:xsi="http://www.w3.org/2001/XMLSchema-instance" xsi:schemaLocation="http://www.blizzard.com/wow/ui/FrameXML/UI.xsd">

	<Script>
	___ZGV_LOAD_TIME = debugprofilestop()
	collectgarbage()
	___ZGV_LOAD_MEM = collectgarbage("count")
	</Script>

	<Script file="ZygorGuidesViewer.lua"/>
	<Script file="Licence.lua"/>

	<Script file="Ver.lua"/>
	<Script file="Class.lua"/>
	<Script file="Functions.lua"/>
	<Include file="UiWidgets\files.xml" />


	<!--
	-->

	<Script file="TalentAdvisor.lua"/>
	<Script file="TalentAdvisor-Data.lua"/>

	<Script file="BugReport.lua"/>

	<Script file="Parser.lua"/>
	<Script file="Options.lua"/>
	<Script file="Waypoints.lua"/>
	<Script file="Log.lua"/>
	<Script file="Localizers.lua"/>
	<Script file="QuestTracking.lua"/>
	<Script file="Faction.lua"/>
	<Script file="Profession.lua"/>
	<Script file="Dungeons.lua"/>

	<!--
	<Script file="ErrorLogger.lua"/>
	-->

	<Script file="QuestAutoAccept.lua"/>
	<Script file="QuestDB.lua"/>
	<Script file="QuestDBData.lua"/>
	<Script file="WorldQuests.lua"/>

	<Script file="Guide.lua"/>
	<Script file="MacroGuide.lua"/>
	<Script file="Step.lua"/>
	<Script file="Goal.lua"/>

	<Include file="Loot.xml"/>
	<Script file="Loot.lua"/>
	<Script file="Loot-SellItemsPopup.lua"/>
	<Script file="PetBattle.lua"/>

	<Script file="Config.lua"/>
	<Script file="Tutorial.lua"/>
	
	<Script file="Achievement.lua"/>

	<Script file="StaticPopups.lua" />

	<Script file="NotificationCenter.lua"/>

	<Script file="MapCoords.lua"/>

	<Script file="Pointer.lua"/>
	<Script file="PointerMap.lua"/>
	<Include file="PointerMarkerTemplates.xml" />
	<Include file="Arrows\Arrows.xml" />

	<Script file="Foglight.lua"/>

	<!-- bfa alpha change
	-->

	<Include file="MasterFrame.xml"/>
	<Include file="MaintenanceFrame.xml"/>

	<Include file="Skins.lua"/>
	<Include file="Skins\Skins.xml"/>

	<!-- 
	-->

	<Include file="ZygorMapIcon.xml" />
	<Include file="GuideMenuNew.lua" />
	<Include file="GuideMenuNew-View.lua" />
	<Include file="GuideMenuNew-Home.lua" />

	<Script file="Tabs.lua"/>

	<Include file="Templates.xml" />

	<!-- bfa alpha change
	<Include file="TitanZygor.xml" />
	-->

	<!--
	<Script file="CreatureViewer.lua" />
	-->
	<Script file="MagicKey.lua" />

	<Script file="ActionBar.lua" />

	<Script file="CreatureDetector.lua" />
	
	<Script file="Item-DataTables.lua" />
	<!--
	<Script file="Item-ItemScore.lua" />
	<Script file="Item-GearFinder.lua" />
	-->

	<Script file="Item-ItemScore.lua" />
	<Script file="Item-Upgrades.lua" />
	<Script file="Item-GearFinder.lua" />
	<Script file="Item-Quest.lua" />

	<Include file="GoldUI\Gold.xml" />
	<Include file="Data\data.xml"/>

	<Script file="Poi.lua"/>

	<Include file="Guides\Autoload.xml"/>
	<Script file="GuideSorting.lua" />




	<Script file="WhoWhere.lua"/>

	<Script file="InventoryManager.lua"/>
	<Script file="InventoryManager-ReminderPopup.lua"/>
	
	<!-- disabled, we might not be using -->
	
	<!-- bfa alpha change
	-->

	<Script file="InitialFlightPaths.lua" />
	
	<Script file="TestFramework.lua"/>

	<Script file="Libs/HBDragons.lua"/>

	<Script file="Sync.lua"/>

	<!-- bfa alpha change
	-->
	
	<Script>
	ZGV.loading_time_total = (debugprofilestop()-___ZGV_LOAD_TIME)
	___ZGV_LOAD_TIME=nil

	collectgarbage()
	ZGV.loading_memory_total = collectgarbage("count")-___ZGV_LOAD_MEM
	___ZGV_LOAD_MEM=nil
	</Script>
</Ui>
