<Ui xmlns="http://www.blizzard.com/wow/ui/" 
	xmlns:xsi="http://www.w3.org/2001/XMLSchema-instance" 
	xsi:schemaLocation="http://www.blizzard.com/wow/ui/ ..\FrameXML\UI.xsd">

	<Script file="LibStub\LibStub.lua"/>

	<Include file="CallbackHandler-1.0\CallbackHandler-1.0.xml"/>
	<Include file="AceAddon-3.0\AceAddon-3.0.xml" />
	<Include file="AceGUI-3.0\AceGUI-3.0.xml" />
	<Include file="AceConfig-3.0\AceConfig-3.0.xml" />
	<Include file="AceComm-3.0\AceComm-3.0.xml" />
	<Include file="AceLocale-3.0\AceLocale-3.0.xml" />
	<Include file="AceSerializer-3.0\AceSerializer-3.0.xml" />
	<Include file="AceTimer-3.0\AceTimer-3.0.xml" />
	<Script file="LibDataBroker-1.1\LibDataBroker-1.1.lua"/>
	<Include file="LibSharedMedia-3.0\lib.xml" />
	<Script file="LibDBIcon-1.0\LibDBIcon-1.0.lua"/>
	<Script file="UTF8\utf8.lua" />
	<Script file="UTF8\utf8data.lua" />
	<Include file="LibCompress\lib.xml"/>
	<Script file="LibBase64-1.0\LibBase64-1.0.lua" />
	<Include file="LibCustomGlow-1.0\LibCustomGlow-1.0.xml" />
	<Include file="NickTag-1.0\NickTag-1.0.xml" />

</Ui>
